game,eta,method,test_median,theta_err,time,mu,L,lambda_min_M
0,0.0,SUB,0.03448324306778725,0.31742632853675495,1.0653772499936167,0.7201786548387602,1.716800227059677,0.24622074700327856
0,0.0,VI,7.117659537137915e-08,0.28176738953693764,0.1043500829837285,0.7201786548387602,1.716800227059677,0.24622074700327856
0,0.01,SUB,0.029442637226271204,0.3181096037062681,1.0301944160019048,0.7201786548387602,1.716800227059677,0.24622074700327856
0,0.01,VI,0.007119069228027694,0.5819652585274219,0.05582162499194965,0.7201786548387602,1.716800227059677,0.24622074700327856
0,0.05,SUB,0.05449918440172655,0.31985971516530837,1.0693039580073673,0.7201786548387602,1.716800227059677,0.24622074700327856
0,0.05,VI,2.032693635694903,0.979023818138203,0.05471958301495761,0.7201786548387602,1.716800227059677,0.24622074700327856
0,0.1,SUB,0.056460175333360896,0.32031710306070793,1.0403983339783736,0.7201786548387602,1.716800227059677,0.24622074700327856
0,0.1,VI,2.0240795599174812,0.9790238660410947,0.05549870798131451,0.7201786548387602,1.716800227059677,0.24622074700327856
0,0.3,SUB,0.13042637634203263,0.3314266960485328,1.0503267500025686,0.7201786548387602,1.716800227059677,0.24622074700327856
0,0.3,VI,2.032686132551559,0.9790189795922302,0.06539545799023472,0.7201786548387602,1.716800227059677,0.24622074700327856
0,0.5,SUB,0.15649739258789958,0.3483120546927996,1.0406356249877717,0.7201786548387602,1.716800227059677,0.24622074700327856
0,0.5,VI,2.015853405750894,0.979022301235748,0.05662029099767096,0.7201786548387602,1.716800227059677,0.24622074700327856
0,0.7,SUB,0.26173550949363694,0.4067001052288323,1.0462303750100546,0.7201786548387602,1.716800227059677,0.24622074700327856
0,0.7,VI,2.015829876694414,0.9790223111847772,0.04672937499708496,0.7201786548387602,1.716800227059677,0.24622074700327856
0,0.9,SUB,0.28148137376844407,0.4258070576049096,1.0441453329985961,0.7201786548387602,1.716800227059677,0.24622074700327856
0,0.9,VI,2.0446613769787563,0.9790238159890049,0.057174415996996686,0.7201786548387602,1.716800227059677,0.24622074700327856
0,1.0,SUB,0.2980064915805424,0.5111625075767772,1.039094165986171,0.7201786548387602,1.716800227059677,0.24622074700327856
0,1.0,VI,1.978359314316486,0.9790247913050572,0.045225457986816764,0.7201786548387602,1.716800227059677,0.24622074700327856
1,0.0,SUB,0.03591003332678818,0.3313769199299772,1.0470181250129826,0.8337271560666919,1.6687657210840592,0.2707142916594396
1,0.0,VI,0.0001246345386067082,0.30118470580296214,0.04599520901683718,0.8337271560666919,1.6687657210840592,0.2707142916594396
1,0.01,SUB,0.04105400436873811,0.33103882086259523,1.0572912080097012,0.8337271560666919,1.6687657210840592,0.2707142916594396
1,0.01,VI,0.007216214332346994,0.6028131380382054,0.06262808298924938,0.8337271560666919,1.6687657210840592,0.2707142916594396
1,0.05,SUB,0.05810009661382677,0.3339412555071798,1.197950417001266,0.8337271560666919,1.6687657210840592,0.2707142916594396
1,0.05,VI,1.9441031342822885,0.9989682326522037,0.06897387499338947,0.8337271560666919,1.6687657210840592,0.2707142916594396
1,0.1,SUB,0.08865801208371137,0.33625225268837144,1.0401626660022885,0.8337271560666919,1.6687657210840592,0.2707142916594396
1,0.1,VI,1.9410830594065753,0.9997412625839198,0.0591501249873545,0.8337271560666919,1.6687657210840592,0.2707142916594396
1,0.3,SUB,0.1676296033430879,0.3605828335595591,1.086068541975692,0.8337271560666919,1.6687657210840592,0.2707142916594396
1,0.3,VI,1.9523125406788155,1.0017738891808472,0.05815904200426303,0.8337271560666919,1.6687657210840592,0.2707142916594396
1,0.5,SUB,0.21495999587641618,0.3761334067063233,1.083296083001187,0.8337271560666919,1.6687657210840592,0.2707142916594396
1,0.5,VI,1.9877489465789835,1.0146798310330547,0.05802954098908231,0.8337271560666919,1.6687657210840592,0.2707142916594396
1,0.7,SUB,0.3008833642151697,0.4092071670763059,1.0388603750034235,0.8337271560666919,1.6687657210840592,0.2707142916594396
1,0.7,VI,1.9829618649072138,1.0146826801606714,0.04435425001429394,0.8337271560666919,1.6687657210840592,0.2707142916594396
1,0.9,SUB,0.295866005708048,0.44722928102855336,1.0460699580144137,0.8337271560666919,1.6687657210840592,0.2707142916594396
1,0.9,VI,1.987901490594211,1.0146813581987868,0.04389387500123121,0.8337271560666919,1.6687657210840592,0.2707142916594396
1,1.0,SUB,0.36167465127762183,0.4745799568795885,1.066968833009014,0.8337271560666919,1.6687657210840592,0.2707142916594396
1,1.0,VI,1.9789851002890506,1.0146848388258578,0.044698750018142164,0.8337271560666919,1.6687657210840592,0.2707142916594396
2,0.0,SUB,0.03252288113207964,0.36447534513201496,1.0424604169966187,0.7744101789257121,1.7317596779231685,0.2718502370220793
2,0.0,VI,0.00026732467916523023,0.3051535898991043,0.058416916988790035,0.7744101789257121,1.7317596779231685,0.2718502370220793
2,0.01,SUB,0.033348734195566006,0.36507038824259497,1.0460239170060959,0.7744101789257121,1.7317596779231685,0.2718502370220793
2,0.01,VI,0.007874019728674575,0.6029371243388363,0.05957020801724866,0.7744101789257121,1.7317596779231685,0.2718502370220793
2,0.05,SUB,0.04110530778758187,0.366931340479711,1.0905069159925915,0.7744101789257121,1.7317596779231685,0.2718502370220793
2,0.05,VI,2.0397389387069533,1.022318888163236,0.061754208989441395,0.7744101789257121,1.7317596779231685,0.2718502370220793
2,0.1,SUB,0.07037780259634796,0.3670450773774903,1.0410221659985837,0.7744101789257121,1.7317596779231685,0.2718502370220793
2,0.1,VI,1.9490706118114696,1.0223167211683888,0.0498929170134943,0.7744101789257121,1.7317596779231685,0.2718502370220793
2,0.3,SUB,0.12824436887283439,0.37406071196333096,1.041687290999107,0.7744101789257121,1.7317596779231685,0.2718502370220793
2,0.3,VI,1.9515866171397698,1.0223191039905788,0.052072917023906484,0.7744101789257121,1.7317596779231685,0.2718502370220793
2,0.5,SUB,0.17436566442969736,0.39353238427405224,1.0375144590216223,0.7744101789257121,1.7317596779231685,0.2718502370220793
2,0.5,VI,1.9527309734578888,1.022316683645933,0.05612749999272637,0.7744101789257121,1.7317596779231685,0.2718502370220793
2,0.7,SUB,0.2609156231793063,0.432281624476488,1.0471612499968614,0.7744101789257121,1.7317596779231685,0.2718502370220793
2,0.7,VI,1.951829541420956,1.022319001620383,0.05835554201621562,0.7744101789257121,1.7317596779231685,0.2718502370220793
2,0.9,SUB,0.302595217893179,0.4805517340826121,1.0414392079983372,0.7744101789257121,1.7317596779231685,0.2718502370220793
2,0.9,VI,1.9189173800852366,1.0223146927630986,0.04921216698130593,0.7744101789257121,1.7317596779231685,0.2718502370220793
2,1.0,SUB,0.3490541750847522,0.47902796950393606,1.0335493340098765,0.7744101789257121,1.7317596779231685,0.2718502370220793
2,1.0,VI,2.0128008052029953,1.0223194684129429,0.06542912501026876,0.7744101789257121,1.7317596779231685,0.2718502370220793
3,0.0,SUB,0.0374297267973092,0.3512244885171611,1.0362461250042543,0.9052274651166463,1.691120446685603,0.2992461506348065
3,0.0,VI,3.397162108734894e-05,0.30554354651166415,0.06059529198682867,0.9052274651166463,1.691120446685603,0.2992461506348065
3,0.01,SUB,0.03207019762336591,0.3517666289562544,1.04749462500331,0.9052274651166463,1.691120446685603,0.2992461506348065
3,0.01,VI,0.008754128440061968,0.6414424984952892,0.05767970799934119,0.9052274651166463,1.691120446685603,0.2992461506348065
3,0.05,SUB,0.039273763749881466,0.3521769520994037,1.0466893329867162,0.9052274651166463,1.691120446685603,0.2992461506348065
3,0.05,VI,1.8762551774620033,1.0131765314992505,0.0578383750107605,0.9052274651166463,1.691120446685603,0.2992461506348065
3,0.1,SUB,0.05523675097214245,0.3541986419462475,1.071337000001222,0.9052274651166463,1.691120446685603,0.2992461506348065
3,0.1,VI,1.9155311988410404,1.0167284410268365,0.05655079198186286,0.9052274651166463,1.691120446685603,0.2992461506348065
3,0.3,SUB,0.11458900606187344,0.36661957426685265,1.0372067079879344,0.9052274651166463,1.691120446685603,0.2992461506348065
3,0.3,VI,1.9584916362645954,1.0167293962472608,0.05075312498956919,0.9052274651166463,1.691120446685603,0.2992461506348065
3,0.5,SUB,0.16331656467516614,0.38415010979858333,1.031442417006474,0.9052274651166463,1.691120446685603,0.2992461506348065
3,0.5,VI,1.9302724255524413,1.016729468676508,0.05153216701000929,0.9052274651166463,1.691120446685603,0.2992461506348065
3,0.7,SUB,0.25257483682166926,0.4227930674017416,1.0398600829939824,0.9052274651166463,1.691120446685603,0.2992461506348065
3,0.7,VI,1.9730284281849944,1.0167240351424442,0.05510500000673346,0.9052274651166463,1.691120446685603,0.2992461506348065
3,0.9,SUB,0.29099442988259255,0.4992699203023871,1.0613228750007693,0.9052274651166463,1.691120446685603,0.2992461506348065
3,0.9,VI,1.917367738652163,1.0167294349384537,0.05359229099121876,0.9052274651166463,1.691120446685603,0.2992461506348065
3,1.0,SUB,0.29376755255287484,0.4751573969084246,1.0413636250013951,0.9052274651166463,1.691120446685603,0.2992461506348065
3,1.0,VI,1.9503877925624993,1.0167302742339208,0.043237167003098875,0.9052274651166463,1.691120446685603,0.2992461506348065
4,0.0,SUB,0.025443591176149548,0.31723351559108853,1.042847917007748,0.8187778053884365,1.652436128856259,0.2698016605772784
4,0.0,VI,1.9044302362610826e-05,0.30183769676042677,0.06226604199036956,0.8187778053884365,1.652436128856259,0.2698016605772784
4,0.01,SUB,0.027087458683275258,0.3184032310659295,1.0530891669914126,0.8187778053884365,1.652436128856259,0.2698016605772784
4,0.01,VI,0.007133564596530565,0.7012969082964106,0.05637591701815836,0.8187778053884365,1.652436128856259,0.2698016605772784
4,0.05,SUB,0.04301520495435403,0.31996804185397515,1.0496518750151154,0.8187778053884365,1.652436128856259,0.2698016605772784
4,0.05,VI,2.2033581787907996,1.0191287646157021,0.05429933298728429,0.8187778053884365,1.652436128856259,0.2698016605772784
4,0.1,SUB,0.05656775151640407,0.32192330610883996,1.05986758400104,0.8187778053884365,1.652436128856259,0.2698016605772784
4,0.1,VI,2.203542875633819,1.0191287571856436,0.04853466700296849,0.8187778053884365,1.652436128856259,0.2698016605772784
4,0.3,SUB,0.14126413554762923,0.34977623050773277,1.0649959580041468,0.8187778053884365,1.652436128856259,0.2698016605772784
4,0.3,VI,2.18521476776973,1.0191246118659119,0.05052733398042619,0.8187778053884365,1.652436128856259,0.2698016605772784
4,0.5,SUB,0.23922872549747876,0.382652282229667,1.0412401669891551,0.8187778053884365,1.652436128856259,0.2698016605772784
4,0.5,VI,2.169775081559414,1.0191287470348829,0.05483979100245051,0.8187778053884365,1.652436128856259,0.2698016605772784
4,0.7,SUB,0.2618127857053789,0.46578321858954813,1.0663975829957053,0.8187778053884365,1.652436128856259,0.2698016605772784
4,0.7,VI,2.1930865647321864,1.0191269268944527,0.05489795800531283,0.8187778053884365,1.652436128856259,0.2698016605772784
4,0.9,SUB,0.3530821107665181,0.4996347167812956,1.0316877500154078,0.8187778053884365,1.652436128856259,0.2698016605772784
4,0.9,VI,2.204745683869464,1.019125021846674,0.044104125001467764,0.8187778053884365,1.652436128856259,0.2698016605772784
4,1.0,SUB,0.34341722560671734,0.5439520015699604,1.043464166985359,0.8187778053884365,1.652436128856259,0.2698016605772784
4,1.0,VI,2.2047853785276414,1.0191280244146244,0.05493204100639559,0.8187778053884365,1.652436128856259,0.2698016605772784
5,0.0,SUB,0.02803183945228366,0.36058133249365365,1.5134710840065964,0.7826015566621487,1.6992908383782592,0.2804910626230266
5,0.0,VI,2.5891684677994672e-05,0.3215952113440822,0.04555037498357706,0.7826015566621487,1.6992908383782592,0.2804910626230266
5,0.01,SUB,0.02553849565654448,0.3613128611090023,1.0803943749924656,0.7826015566621487,1.6992908383782592,0.2804910626230266
5,0.01,VI,0.005915237782634702,0.6352429563474169,0.06315425000502728,0.7826015566621487,1.6992908383782592,0.2804910626230266
5,0.05,SUB,0.050817496633669065,0.36269990190989326,1.1587277080107015,0.7826015566621487,1.6992908383782592,0.2804910626230266
5,0.05,VI,1.8394899025611595,1.0212434241080814,0.06775695801479742,0.7826015566621487,1.6992908383782592,0.2804910626230266
5,0.1,SUB,0.05924996407646049,0.36310785866895723,1.0513574999931734,0.7826015566621487,1.6992908383782592,0.2804910626230266
5,0.1,VI,1.9181114774989434,1.030438417785326,0.06584879200090654,0.7826015566621487,1.6992908383782592,0.2804910626230266
5,0.3,SUB,0.12962525767866329,0.3741089328294839,1.0848995830165222,0.7826015566621487,1.6992908383782592,0.2804910626230266
5,0.3,VI,1.921688043749024,1.0304390734756017,0.055085667001549155,0.7826015566621487,1.6992908383782592,0.2804910626230266
5,0.5,SUB,0.1794142550929434,0.40224710681834325,1.0389435840188526,0.7826015566621487,1.6992908383782592,0.2804910626230266
5,0.5,VI,1.9288611006698995,1.0304353348735524,0.05180587500217371,0.7826015566621487,1.6992908383782592,0.2804910626230266
5,0.7,SUB,0.24474527784167954,0.4335143730542124,1.05201054198551,0.7826015566621487,1.6992908383782592,0.2804910626230266
5,0.7,VI,1.9216636703525238,1.0304384773631812,0.055473624990554526,0.7826015566621487,1.6992908383782592,0.2804910626230266
5,0.9,SUB,0.32905516761872766,0.4796122766494317,1.053541542001767,0.7826015566621487,1.6992908383782592,0.2804910626230266
5,0.9,VI,1.9180974159892095,1.0304369030916567,0.046744166989810765,0.7826015566621487,1.6992908383782592,0.2804910626230266
5,1.0,SUB,0.3407517415293312,0.48556316991490506,1.0445559590007178,0.7826015566621487,1.6992908383782592,0.2804910626230266
5,1.0,VI,1.9359158025538998,1.0304378308522026,0.04401395900640637,0.7826015566621487,1.6992908383782592,0.2804910626230266
6,0.0,SUB,0.03340572292652444,0.30802322621329503,1.0544199580035638,0.7805473770230182,1.6884790641058602,0.2523031180118792
6,0.0,VI,0.00046348680000426296,0.26674584821640385,0.05814624999766238,0.7805473770230182,1.6884790641058602,0.2523031180118792
6,0.01,SUB,0.03933679239767836,0.3081682604286105,1.034696124988841,0.7805473770230182,1.6884790641058602,0.2523031180118792
6,0.01,VI,0.007133271221874599,0.6502292747259473,0.05634933401597664,0.7805473770230182,1.6884790641058602,0.2523031180118792
6,0.05,SUB,0.05471203122858677,0.30886813722483314,1.0412920000089798,0.7805473770230182,1.6884790641058602,0.2523031180118792
6,0.05,VI,1.855489690729086,0.988275467239863,0.05797562497900799,0.7805473770230182,1.6884790641058602,0.2523031180118792
6,0.1,SUB,0.05546428655590227,0.3106750464201432,1.0567292500054464,0.7805473770230182,1.6884790641058602,0.2523031180118792
6,0.1,VI,1.878589982897922,0.9882761016598206,0.052468375011812896,0.7805473770230182,1.6884790641058602,0.2523031180118792
6,0.3,SUB,0.12541796154583643,0.31738752407445225,1.0684873340069316,0.7805473770230182,1.6884790641058602,0.2523031180118792
6,0.3,VI,1.8481842868110918,0.9882749247143535,0.049437084002420306,0.7805473770230182,1.6884790641058602,0.2523031180118792
6,0.5,SUB,0.18010407130684336,0.3352747313991066,1.0324288749834523,0.7805473770230182,1.6884790641058602,0.2523031180118792
6,0.5,VI,1.8586413522623801,0.9882879470276668,0.050707083981251344,0.7805473770230182,1.6884790641058602,0.2523031180118792
6,0.7,SUB,0.21359647947188,0.36713696143820435,1.0422519170097075,0.7805473770230182,1.6884790641058602,0.2523031180118792
6,0.7,VI,1.8298301584512933,0.9882757452171473,0.05315929200151004,0.7805473770230182,1.6884790641058602,0.2523031180118792
6,0.9,SUB,0.22603239911945486,0.4108853659358537,1.0415850419958588,0.7805473770230182,1.6884790641058602,0.2523031180118792
6,0.9,VI,1.855958508773161,0.9882755361275872,0.055463166994741186,0.7805473770230182,1.6884790641058602,0.2523031180118792
6,1.0,SUB,0.24271859095040837,0.44636063519531405,1.0426116249873303,0.7805473770230182,1.6884790641058602,0.2523031180118792
6,1.0,VI,1.8785463751579785,0.9882760202540949,0.05252399999881163,0.7805473770230182,1.6884790641058602,0.2523031180118792
7,0.0,SUB,0.031653412908545564,0.33598781110785797,1.040319666994037,0.7472067491507872,1.7296399378953091,0.25506892584942825
7,0.0,VI,3.830185207398151e-07,0.27770242089205144,0.06387716700555757,0.7472067491507872,1.7296399378953091,0.25506892584942825
7,0.01,SUB,0.03513527243867473,0.33622406652442094,1.03641312502441,0.7472067491507872,1.7296399378953091,0.25506892584942825
7,0.01,VI,0.007100488953597272,0.645346623395624,0.05562412500148639,0.7472067491507872,1.7296399378953091,0.25506892584942825
7,0.05,SUB,0.04737800510563616,0.33663385260336254,1.0398127080115955,0.7472067491507872,1.7296399378953091,0.25506892584942825
7,0.05,VI,1.871784386048907,0.9919585900495199,0.05712583300191909,0.7472067491507872,1.7296399378953091,0.25506892584942825
7,0.1,SUB,0.07880228894731321,0.3390147304488975,1.0446190419897903,0.7472067491507872,1.7296399378953091,0.25506892584942825
7,0.1,VI,1.9430359148784853,0.9968371634471557,0.050338834000285715,0.7472067491507872,1.7296399378953091,0.25506892584942825
7,0.3,SUB,0.13702248229381403,0.3464036235070086,1.0987577910127584,0.7472067491507872,1.7296399378953091,0.25506892584942825
7,0.3,VI,1.9293047409635415,0.9968364706441378,0.054365208983654156,0.7472067491507872,1.7296399378953091,0.25506892584942825
7,0.5,SUB,0.18726338437332807,0.36787237105388804,1.0475164169911295,0.7472067491507872,1.7296399378953091,0.25506892584942825
7,0.5,VI,1.9219304815169882,0.9968308593791168,0.05310258298413828,0.7472067491507872,1.7296399378953091,0.25506892584942825
7,0.7,SUB,0.2416608971560744,0.4071500638886069,1.0538167500053532,0.7472067491507872,1.7296399378953091,0.25506892584942825
7,0.7,VI,1.9096840519851341,0.9968357867903073,0.0553628750203643,0.7472067491507872,1.7296399378953091,0.25506892584942825
7,0.9,SUB,0.28115232032901516,0.44479383273394335,1.046806625003228,0.7472067491507872,1.7296399378953091,0.25506892584942825
7,0.9,VI,1.9571680117909396,0.9968372244895144,0.058806999993976206,0.7472067491507872,1.7296399378953091,0.25506892584942825
7,1.0,SUB,0.23464431167312033,0.46411478406560397,1.0466081670019776,0.7472067491507872,1.7296399378953091,0.25506892584942825
7,1.0,VI,1.9282675067852837,0.9968364364157487,0.05058737500803545,0.7472067491507872,1.7296399378953091,0.25506892584942825
8,0.0,SUB,0.027943340047875888,0.36554331982518606,1.0428314580058213,0.8282696532658744,1.638500124604724,0.2513449581308423
8,0.0,VI,1.8719203415867753e-07,0.3320586216287683,0.046230875013861805,0.8282696532658744,1.638500124604724,0.2513449581308423
8,0.01,SUB,0.03254693363964324,0.36514189774472217,1.0768022499978542,0.8282696532658744,1.638500124604724,0.2513449581308423
8,0.01,VI,0.0070639204167025176,0.6784328197232024,0.060790374991483986,0.8282696532658744,1.638500124604724,0.2513449581308423
8,0.05,SUB,0.03454806572525382,0.3663739958355736,1.08228883400443,0.8282696532658744,1.638500124604724,0.2513449581308423
8,0.05,VI,1.8764808480662365,1.0258647831387033,0.05617954200715758,0.8282696532658744,1.638500124604724,0.2513449581308423
8,0.1,SUB,0.07576986767583889,0.37078397744624625,1.0522164589783642,0.8282696532658744,1.638500124604724,0.2513449581308423
8,0.1,VI,1.9789742490270443,1.0319734655689805,0.050331125006778166,0.8282696532658744,1.638500124604724,0.2513449581308423
8,0.3,SUB,0.12869020915908325,0.3867105376363337,1.0487130420224275,0.8282696532658744,1.638500124604724,0.2513449581308423
8,0.3,VI,2.05995418915581,1.0319662448858353,0.05049029199290089,0.8282696532658744,1.638500124604724,0.2513449581308423
8,0.5,SUB,0.15426057190884068,0.39998358035345866,1.0481757920060772,0.8282696532658744,1.638500124604724,0.2513449581308423
8,0.5,VI,2.0698096230924627,1.031965296290693,0.05189766699913889,0.8282696532658744,1.638500124604724,0.2513449581308423
8,0.7,SUB,0.20400195391117998,0.42794194155238635,1.0445664169965312,0.8282696532658744,1.638500124604724,0.2513449581308423
8,0.7,VI,2.0865230193458015,1.0319728648064623,0.05670383301912807,0.8282696532658744,1.638500124604724,0.2513449581308423
8,0.9,SUB,0.2885846267375155,0.5044478963258257,1.0523230410180986,0.8282696532658744,1.638500124604724,0.2513449581308423
8,0.9,VI,1.9943038112972413,1.031970796864447,0.04345820800517686,0.8282696532658744,1.638500124604724,0.2513449581308423
8,1.0,SUB,0.29770062194954233,0.5210341807240298,1.0507397500041407,0.8282696532658744,1.638500124604724,0.2513449581308423
8,1.0,VI,2.0668213868822987,1.0319626734303813,0.04283716602367349,0.8282696532658744,1.638500124604724,0.2513449581308423
9,0.0,SUB,0.03943848291165665,0.32444856955561807,1.0469560420024209,0.7537769651491272,1.687927258649888,0.2639968432315767
9,0.0,VI,3.691287970348829e-07,0.2716014570600513,0.044773834000807256,0.7537769651491272,1.687927258649888,0.2639968432315767
9,0.01,SUB,0.037589243419917706,0.3250177423976045,1.047196041996358,0.7537769651491272,1.687927258649888,0.2639968432315767
9,0.01,VI,0.00778469967492935,0.6248103370973108,0.0582821250136476,0.7537769651491272,1.687927258649888,0.2639968432315767
9,0.05,SUB,0.041832432640832834,0.32711756491866717,1.0443711249972694,0.7537769651491272,1.687927258649888,0.2639968432315767
9,0.05,VI,2.1047003166395886,0.9786572325858255,0.058179291983833537,0.7537769651491272,1.687927258649888,0.2639968432315767
9,0.1,SUB,0.06971620727220154,0.330050137515332,1.0400323749927338,0.7537769651491272,1.687927258649888,0.2639968432315767
9,0.1,VI,2.0552995472403897,0.9786573352824554,0.0532474999781698,0.7537769651491272,1.687927258649888,0.2639968432315767
9,0.3,SUB,0.12440340401334449,0.342272164393114,1.041583833983168,0.7537769651491272,1.687927258649888,0.2639968432315767
9,0.3,VI,2.117960768397628,0.978657255139802,0.0526225829962641,0.7537769651491272,1.687927258649888,0.2639968432315767
9,0.5,SUB,0.23069259867147857,0.365840138934974,1.0320120829856023,0.7537769651491272,1.687927258649888,0.2639968432315767
9,0.5,VI,2.070535553029085,0.9786553208299127,0.051739999995334074,0.7537769651491272,1.687927258649888,0.2639968432315767
9,0.7,SUB,0.22136960769605488,0.4143471258433944,1.0471650830004364,0.7537769651491272,1.687927258649888,0.2639968432315767
9,0.7,VI,2.069857964447235,0.9786511425209828,0.04404945901478641,0.7537769651491272,1.687927258649888,0.2639968432315767
9,0.9,SUB,0.3095969324133636,0.4395139676850528,1.0396390829992015,0.7537769651491272,1.687927258649888,0.2639968432315767
9,0.9,VI,2.0742525911294,0.978656389545498,0.04444866700214334,0.7537769651491272,1.687927258649888,0.2639968432315767
9,1.0,SUB,0.2990779716526189,0.4884450445599246,1.044439457997214,0.7537769651491272,1.687927258649888,0.2639968432315767
9,1.0,VI,2.0552869804880536,0.9786548509663481,0.0443957079842221,0.7537769651491272,1.687927258649888,0.2639968432315767
